[
  {
    "model": "auth.user",
    "pk": 1,
    "fields": {
      "password": "pbkdf2_sha256$260000$P78ahATC1Y641nFphYJKH0$XETmQTK8XEVN2M8w+CnOfrFDL37hKvU3MGyKa7kndAg=",
      "last_login": "2021-11-21T13:49:53.412Z",
      "is_superuser": true,
      "username": "NeoD",
      "first_name": "Nikita",
      "last_name": "Flesakov",
      "email": "flesakov.nik09@gmail.com",
      "is_staff": true,
      "is_active": true,
      "date_joined": "2021-09-25T20:20:04.403Z",
      "groups": [],
      "user_permissions": []
    }
  },
  {
    "model": "education.student",
    "pk": 1,
    "fields": {
      "full_name": "Флесаков Никита Владимирович",
      "date_of_birth": "2002-12-20",
      "home_address": "Екатеринбург"
    }
  },
  {
    "model": "education.student",
    "pk": 2,
    "fields": {
      "full_name": "Плотников Андрей Дмитриевич",
      "date_of_birth": "2002-12-27",
      "home_address": "Екатеринбург"
    }
  },
  {
    "model": "education.student",
    "pk": 3,
    "fields": {
      "full_name": "Мезенина Арина Олеговна",
      "date_of_birth": "2002-02-16",
      "home_address": "Екатеринбург"
    }
  },
  {
    "model": "education.student",
    "pk": 4,
    "fields": {
      "full_name": "Муль Роман Эдуардович",
      "date_of_birth": "2001-09-04",
      "home_address": "Екатеринбург"
    }
  },
  {
    "model": "education.student",
    "pk": 5,
    "fields": {
      "full_name": "Васильев Алексей Дмитриевич",
      "date_of_birth": "2003-07-11",
      "home_address": "Екатеринбург"
    }
  },
  {
    "model": "education.student",
    "pk": 6,
    "fields": {
      "full_name": "Глоба Лев Евгеньевич",
      "date_of_birth": "2002-11-02",
      "home_address": "Екатеринбург"
    }
  },
  {
    "model": "education.student",
    "pk": 7,
    "fields": {
      "full_name": "Горшков Андрей Андреевич",
      "date_of_birth": "2003-08-10",
      "home_address": "Екатеринбург"
    }
  },
  {
    "model": "education.student",
    "pk": 8,
    "fields": {
      "full_name": "Дектерев Эдуард Сергеевич",
      "date_of_birth": "2003-07-12",
      "home_address": "Екатеринбург"
    }
  },
  {
    "model": "education.student",
    "pk": 9,
    "fields": {
      "full_name": "Дюканов Павел Игоревич",
      "date_of_birth": "2002-02-19",
      "home_address": "Екатеринбург"
    }
  },
  {
    "model": "education.student",
    "pk": 10,
    "fields": {
      "full_name": "Женишев Ислам Курсантбекович",
      "date_of_birth": "2001-07-20",
      "home_address": "Екатеринбург"
    }
  },
  {
    "model": "education.student",
    "pk": 11,
    "fields": {
      "full_name": "Земеров Никита Александрович",
      "date_of_birth": "2003-09-19",
      "home_address": "Екатеринбург"
    }
  },
  {
    "model": "education.student",
    "pk": 12,
    "fields": {
      "full_name": "Лапин Владислав Юрьевич",
      "date_of_birth": "2003-06-02",
      "home_address": "Екатеринбург"
    }
  },
  {
    "model": "education.student",
    "pk": 13,
    "fields": {
      "full_name": "Левин Максим Сергеевич",
      "date_of_birth": "2003-10-25",
      "home_address": "Екатеринбург"
    }
  },
  {
    "model": "education.student",
    "pk": 14,
    "fields": {
      "full_name": "Майорова Дарья Владимировна",
      "date_of_birth": "2001-10-05",
      "home_address": "Екатеринбург"
    }
  },
  {
    "model": "education.student",
    "pk": 15,
    "fields": {
      "full_name": "Прохоренко Никита Сергеевич",
      "date_of_birth": "2001-03-08",
      "home_address": "Екатеринбург"
    }
  },
  {
    "model": "education.student",
    "pk": 16,
    "fields": {
      "full_name": "Риль Вячеслав Сергеевич",
      "date_of_birth": "2003-08-26",
      "home_address": "Екатеринбург"
    }
  },
  {
    "model": "education.student",
    "pk": 17,
    "fields": {
      "full_name": "Сафронов Андрей Станиславович",
      "date_of_birth": "2003-03-12",
      "home_address": "Екатеринбург"
    }
  },
  {
    "model": "education.student",
    "pk": 18,
    "fields": {
      "full_name": "Светной Артем Андреевич",
      "date_of_birth": "2001-07-03",
      "home_address": "Екатеринбург"
    }
  },
  {
    "model": "education.student",
    "pk": 19,
    "fields": {
      "full_name": "Семенова Елена Дмитриевна",
      "date_of_birth": "2003-06-16",
      "home_address": "Екатеринбург"
    }
  },
  {
    "model": "education.student",
    "pk": 20,
    "fields": {
      "full_name": "Стамбеков Берадор Замирбекович",
      "date_of_birth": "2003-07-12",
      "home_address": "Екатеринбург"
    }
  },
  {
    "model": "education.student",
    "pk": 21,
    "fields": {
      "full_name": "Стрыгин Илья Евгеньевич",
      "date_of_birth": "2003-07-03",
      "home_address": "Екатеринбург"
    }
  },
  {
    "model": "education.student",
    "pk": 22,
    "fields": {
      "full_name": "Таалайбек Аймээрим",
      "date_of_birth": "2001-02-28",
      "home_address": "Екатеринбург"
    }
  },
  {
    "model": "education.student",
    "pk": 23,
    "fields": {
      "full_name": "Фалалеев Александр Игоревич",
      "date_of_birth": "2002-02-05",
      "home_address": "Екатеринбург"
    }
  },
  {
    "model": "education.student",
    "pk": 24,
    "fields": {
      "full_name": "Хинцинский Даниил Дмитриевич",
      "date_of_birth": "2003-02-26",
      "home_address": "Екатеринбург"
    }
  },
  {
    "model": "education.student",
    "pk": 25,
    "fields": {
      "full_name": "Винокуров Евгений Алексеевич",
      "date_of_birth": "2003-02-06",
      "home_address": "Екатеринбург"
    }
  },
  {
    "model": "education.student",
    "pk": 26,
    "fields": {
      "full_name": "Кузеванов Сергей Игоревич",
      "date_of_birth": "2001-09-07",
      "home_address": "Екатеринбург"
    }
  },
  {
    "model": "education.student",
    "pk": 27,
    "fields": {
      "full_name": "Мориков Данил Александрович",
      "date_of_birth": "2003-04-21",
      "home_address": "Екатеринбург"
    }
  },
  {
    "model": "education.student",
    "pk": 28,
    "fields": {
      "full_name": "Орабинский Иван Александрович",
      "date_of_birth": "2003-07-17",
      "home_address": "Екатеринбург"
    }
  },
  {
    "model": "education.student",
    "pk": 29,
    "fields": {
      "full_name": "Резотдинов Владислав Романович",
      "date_of_birth": "2001-09-21",
      "home_address": "Екатеринбург"
    }
  },
  {
    "model": "education.student",
    "pk": 30,
    "fields": {
      "full_name": "Рябцев Сергей Викторович",
      "date_of_birth": "2001-11-22",
      "home_address": "Екатеринбург"
    }
  },
  {
    "model": "education.student",
    "pk": 31,
    "fields": {
      "full_name": "Трунов Никита",
      "date_of_birth": "2001-07-09",
      "home_address": "Екатеринбург"
    }
  },
  {
    "model": "education.student",
    "pk": 32,
    "fields": {
      "full_name": "Скоробогатый Данил",
      "date_of_birth": "2001-03-09",
      "home_address": "Екатеринбург"
    }
  },
  {
    "model": "education.student",
    "pk": 33,
    "fields": {
      "full_name": "Патенко Сергей Сергеевич",
      "date_of_birth": "2021-02-15",
      "home_address": "Калининград"
    }
  },
  {
    "model": "education.student",
    "pk": 36,
    "fields": {
      "full_name": "Иванов Иван Иванович",
      "date_of_birth": "2002-12-20",
      "home_address": "Екатеринбург"
    }
  },
  {
    "model": "education.student",
    "pk": 38,
    "fields": {
      "full_name": "Тестов Тест Тестович",
      "date_of_birth": "2002-12-20",
      "home_address": "Екатеринбург"
    }
  },
  {
    "model": "education.parent",
    "pk": 1,
    "fields": {
      "full_name": "Никулина Татьяна Владимировна",
      "place_of_work": "Высоцкий",
      "phone_number": "89222184369",
      "student": [
        1,
        2,
        3
      ]
    }
  },
  {
    "model": "education.hobbies",
    "pk": 1,
    "fields": {
      "student": 1,
      "hobby": "Курсовое проектирование"
    }
  },
  {
    "model": "education.hobbies",
    "pk": 2,
    "fields": {
      "student": 2,
      "hobby": "Программирование "
    }
  },
  {
    "model": "education.hobbies",
    "pk": 3,
    "fields": {
      "student": 3,
      "hobby": "WEB-Дизайн"
    }
  },
  {
    "model": "education.teacher",
    "pk": 1,
    "fields": {
      "full_name": "Ярочкина Екатерина Дмитриевна",
      "department": "ОИТ"
    }
  },
  {
    "model": "education.teacher",
    "pk": 3,
    "fields": {
      "full_name": "Соколова Елена Павловна",
      "department": "ОИТ"
    }
  },
  {
    "model": "education.teacher",
    "pk": 9,
    "fields": {
      "full_name": "Бойбородина Людмила Николаевна",
      "department": "ОИТ"
    }
  },
  {
    "model": "education.subject",
    "pk": 1,
    "fields": {
      "name": "Системное программирование",
      "teacher": 1
    }
  },
  {
    "model": "education.subject",
    "pk": 2,
    "fields": {
      "name": "Базы данных",
      "teacher": 3
    }
  },
  {
    "model": "education.subject",
    "pk": 4,
    "fields": {
      "name": "Прикладное программирование",
      "teacher": 9
    }
  },
  {
    "model": "education.performance",
    "pk": 2,
    "fields": {
      "student": 1,
      "subject": 1,
      "mark": "5"
    }
  },
  {
    "model": "education.performance",
    "pk": 3,
    "fields": {
      "student": 1,
      "subject": 1,
      "mark": "4"
    }
  },
  {
    "model": "education.performance",
    "pk": 4,
    "fields": {
      "student": 2,
      "subject": 1,
      "mark": "5"
    }
  },
  {
    "model": "education.performance",
    "pk": 5,
    "fields": {
      "student": 2,
      "subject": 1,
      "mark": "5"
    }
  },
  {
    "model": "education.performance",
    "pk": 6,
    "fields": {
      "student": 2,
      "subject": 1,
      "mark": "5"
    }
  },
  {
    "model": "education.performance",
    "pk": 7,
    "fields": {
      "student": 3,
      "subject": 1,
      "mark": "5"
    }
  },
  {
    "model": "education.performance",
    "pk": 8,
    "fields": {
      "student": 3,
      "subject": 1,
      "mark": "5"
    }
  },
  {
    "model": "education.performance",
    "pk": 9,
    "fields": {
      "student": 3,
      "subject": 1,
      "mark": "5"
    }
  },
  {
    "model": "education.academicperformance",
    "pk": 5,
    "fields": {
      "student": 1,
      "subject": 1,
      "teacher": 1,
      "type_of_perfomance": "Промежуточная",
      "mark": "3"
    }
  },
  {
    "model": "education.academicperformance",
    "pk": 6,
    "fields": {
      "student": 2,
      "subject": 1,
      "teacher": 1,
      "type_of_perfomance": "Итоговая",
      "mark": "5"
    }
  },
  {
    "model": "education.academicperformance",
    "pk": 7,
    "fields": {
      "student": 3,
      "subject": 1,
      "teacher": 1,
      "type_of_perfomance": "Промежуточная",
      "mark": "Н/А"
    }
  },
  {
    "model": "education.academicperformance",
    "pk": 8,
    "fields": {
      "student": 4,
      "subject": 1,
      "teacher": 1,
      "type_of_perfomance": "Итоговая",
      "mark": "3"
    }
  },
  {
    "model": "education.academicperformance",
    "pk": 10,
    "fields": {
      "student": 6,
      "subject": 1,
      "teacher": 1,
      "type_of_perfomance": "Промежуточная",
      "mark": "5"
    }
  },
  {
    "model": "education.academicperformance",
    "pk": 11,
    "fields": {
      "student": 7,
      "subject": 1,
      "teacher": 1,
      "type_of_perfomance": "Итоговая",
      "mark": "5"
    }
  },
  {
    "model": "education.academicperformance",
    "pk": 12,
    "fields": {
      "student": 8,
      "subject": 1,
      "teacher": 1,
      "type_of_perfomance": "Итоговая",
      "mark": "2"
    }
  },
  {
    "model": "education.academicperformance",
    "pk": 13,
    "fields": {
      "student": 9,
      "subject": 1,
      "teacher": 1,
      "type_of_perfomance": "Итоговая",
      "mark": "3"
    }
  },
  {
    "model": "education.academicperformance",
    "pk": 14,
    "fields": {
      "student": 10,
      "subject": 1,
      "teacher": 1,
      "type_of_perfomance": "Итоговая",
      "mark": "3"
    }
  },
  {
    "model": "education.academicperformance",
    "pk": 15,
    "fields": {
      "student": 11,
      "subject": 1,
      "teacher": 1,
      "type_of_perfomance": "Итоговая",
      "mark": "4"
    }
  },
  {
    "model": "education.academicperformance",
    "pk": 16,
    "fields": {
      "student": 12,
      "subject": 2,
      "teacher": 3,
      "type_of_perfomance": "Итоговая",
      "mark": "5"
    }
  },
  {
    "model": "education.academicperformance",
    "pk": 17,
    "fields": {
      "student": 13,
      "subject": 1,
      "teacher": 1,
      "type_of_perfomance": "Промежуточная",
      "mark": "5"
    }
  },
  {
    "model": "education.academicperformance",
    "pk": 18,
    "fields": {
      "student": 14,
      "subject": 1,
      "teacher": 1,
      "type_of_perfomance": "Итоговая",
      "mark": "5"
    }
  },
  {
    "model": "education.academicperformance",
    "pk": 19,
    "fields": {
      "student": 15,
      "subject": 1,
      "teacher": 1,
      "type_of_perfomance": "Итоговая",
      "mark": "4"
    }
  },
  {
    "model": "education.academicperformance",
    "pk": 20,
    "fields": {
      "student": 16,
      "subject": 1,
      "teacher": 1,
      "type_of_perfomance": "Промежуточная",
      "mark": "4"
    }
  },
  {
    "model": "education.academicperformance",
    "pk": 21,
    "fields": {
      "student": 17,
      "subject": 1,
      "teacher": 1,
      "type_of_perfomance": "Промежуточная",
      "mark": "3"
    }
  },
  {
    "model": "education.academicperformance",
    "pk": 22,
    "fields": {
      "student": 18,
      "subject": 1,
      "teacher": 1,
      "type_of_perfomance": "Промежуточная",
      "mark": "4"
    }
  },
  {
    "model": "education.academicperformance",
    "pk": 23,
    "fields": {
      "student": 19,
      "subject": 1,
      "teacher": 1,
      "type_of_perfomance": "Итоговая",
      "mark": "Н/А"
    }
  },
  {
    "model": "education.academicperformance",
    "pk": 24,
    "fields": {
      "student": 20,
      "subject": 1,
      "teacher": 1,
      "type_of_perfomance": "Промежуточная",
      "mark": "Н/А"
    }
  },
  {
    "model": "education.academicperformance",
    "pk": 25,
    "fields": {
      "student": 21,
      "subject": 1,
      "teacher": 1,
      "type_of_perfomance": "Промежуточная",
      "mark": "Н/А"
    }
  },
  {
    "model": "education.academicperformance",
    "pk": 26,
    "fields": {
      "student": 22,
      "subject": 1,
      "teacher": 1,
      "type_of_perfomance": "Промежуточная",
      "mark": "3"
    }
  },
  {
    "model": "education.academicperformance",
    "pk": 27,
    "fields": {
      "student": 23,
      "subject": 1,
      "teacher": 1,
      "type_of_perfomance": "Промежуточная",
      "mark": "3"
    }
  },
  {
    "model": "education.academicperformance",
    "pk": 28,
    "fields": {
      "student": 24,
      "subject": 1,
      "teacher": 1,
      "type_of_perfomance": "Итоговая",
      "mark": "4"
    }
  },
  {
    "model": "education.academicperformance",
    "pk": 29,
    "fields": {
      "student": 25,
      "subject": 1,
      "teacher": 1,
      "type_of_perfomance": "Промежуточная",
      "mark": "4"
    }
  },
  {
    "model": "education.academicperformance",
    "pk": 30,
    "fields": {
      "student": 26,
      "subject": 1,
      "teacher": 1,
      "type_of_perfomance": "Итоговая",
      "mark": "3"
    }
  },
  {
    "model": "education.academicperformance",
    "pk": 31,
    "fields": {
      "student": 27,
      "subject": 1,
      "teacher": 1,
      "type_of_perfomance": "Итоговая",
      "mark": "5"
    }
  },
  {
    "model": "education.academicperformance",
    "pk": 32,
    "fields": {
      "student": 28,
      "subject": 1,
      "teacher": 1,
      "type_of_perfomance": "Промежуточная",
      "mark": "5"
    }
  },
  {
    "model": "education.academicperformance",
    "pk": 33,
    "fields": {
      "student": 29,
      "subject": 1,
      "teacher": 1,
      "type_of_perfomance": "Итоговая",
      "mark": "4"
    }
  },
  {
    "model": "education.academicperformance",
    "pk": 34,
    "fields": {
      "student": 30,
      "subject": 1,
      "teacher": 1,
      "type_of_perfomance": "Промежуточная",
      "mark": "5"
    }
  },
  {
    "model": "education.academicperformance",
    "pk": 35,
    "fields": {
      "student": 31,
      "subject": 1,
      "teacher": 1,
      "type_of_perfomance": "Промежуточная",
      "mark": "3"
    }
  },
  {
    "model": "education.academicperformance",
    "pk": 36,
    "fields": {
      "student": 32,
      "subject": 1,
      "teacher": 1,
      "type_of_perfomance": "Итоговая",
      "mark": "Н/А"
    }
  },
  {
    "model": "education.academicperformance",
    "pk": 37,
    "fields": {
      "student": 33,
      "subject": 1,
      "teacher": 1,
      "type_of_perfomance": "Итоговая",
      "mark": "5"
    }
  },
  {
    "model": "education.academicperformance",
    "pk": 38,
    "fields": {
      "student": 33,
      "subject": 1,
      "teacher": 1,
      "type_of_perfomance": "Промежуточная",
      "mark": "5"
    }
  },
  {
    "model": "education.academicperformance",
    "pk": 43,
    "fields": {
      "student": 1,
      "subject": 4,
      "teacher": 9,
      "type_of_perfomance": "Итоговая",
      "mark": "5"
    }
  },
  {
    "model": "education.academicperformance",
    "pk": 44,
    "fields": {
      "student": 1,
      "subject": 2,
      "teacher": 3,
      "type_of_perfomance": "Итоговая",
      "mark": "2"
    }
  },
  {
    "model": "education.academicperformance",
    "pk": 45,
    "fields": {
      "student": 2,
      "subject": 2,
      "teacher": 3,
      "type_of_perfomance": "Промежуточная",
      "mark": "5"
    }
  },
  {
    "model": "education.academicperformance",
    "pk": 46,
    "fields": {
      "student": 3,
      "subject": 2,
      "teacher": 3,
      "type_of_perfomance": "Итоговая",
      "mark": "3"
    }
  },
  {
    "model": "education.academicperformance",
    "pk": 47,
    "fields": {
      "student": 4,
      "subject": 2,
      "teacher": 3,
      "type_of_perfomance": "Итоговая",
      "mark": "5"
    }
  },
  {
    "model": "education.academicperformance",
    "pk": 48,
    "fields": {
      "student": 5,
      "subject": 2,
      "teacher": 3,
      "type_of_perfomance": "Итоговая",
      "mark": "3"
    }
  },
  {
    "model": "education.academicperformance",
    "pk": 49,
    "fields": {
      "student": 6,
      "subject": 2,
      "teacher": 3,
      "type_of_perfomance": "Итоговая",
      "mark": "4"
    }
  },
  {
    "model": "education.academicperformance",
    "pk": 50,
    "fields": {
      "student": 7,
      "subject": 2,
      "teacher": 3,
      "type_of_perfomance": "Итоговая",
      "mark": "Н/А"
    }
  },
  {
    "model": "education.academicperformance",
    "pk": 51,
    "fields": {
      "student": 8,
      "subject": 2,
      "teacher": 3,
      "type_of_perfomance": "Промежуточная",
      "mark": "2"
    }
  },
  {
    "model": "education.academicperformance",
    "pk": 52,
    "fields": {
      "student": 9,
      "subject": 2,
      "teacher": 3,
      "type_of_perfomance": "Промежуточная",
      "mark": "2"
    }
  },
  {
    "model": "education.academicperformance",
    "pk": 53,
    "fields": {
      "student": 10,
      "subject": 2,
      "teacher": 3,
      "type_of_perfomance": "Промежуточная",
      "mark": "4"
    }
  },
  {
    "model": "education.academicperformance",
    "pk": 54,
    "fields": {
      "student": 11,
      "subject": 2,
      "teacher": 3,
      "type_of_perfomance": "Итоговая",
      "mark": "3"
    }
  },
  {
    "model": "education.academicperformance",
    "pk": 55,
    "fields": {
      "student": 12,
      "subject": 2,
      "teacher": 3,
      "type_of_perfomance": "Итоговая",
      "mark": "3"
    }
  },
  {
    "model": "education.academicperformance",
    "pk": 56,
    "fields": {
      "student": 13,
      "subject": 2,
      "teacher": 3,
      "type_of_perfomance": "Итоговая",
      "mark": "3"
    }
  },
  {
    "model": "education.academicperformance",
    "pk": 57,
    "fields": {
      "student": 14,
      "subject": 2,
      "teacher": 3,
      "type_of_perfomance": "Промежуточная",
      "mark": "3"
    }
  },
  {
    "model": "education.academicperformance",
    "pk": 58,
    "fields": {
      "student": 15,
      "subject": 2,
      "teacher": 3,
      "type_of_perfomance": "Промежуточная",
      "mark": "5"
    }
  },
  {
    "model": "education.academicperformance",
    "pk": 59,
    "fields": {
      "student": 16,
      "subject": 2,
      "teacher": 3,
      "type_of_perfomance": "Промежуточная",
      "mark": "2"
    }
  },
  {
    "model": "education.academicperformance",
    "pk": 60,
    "fields": {
      "student": 17,
      "subject": 2,
      "teacher": 3,
      "type_of_perfomance": "Промежуточная",
      "mark": "5"
    }
  },
  {
    "model": "education.academicperformance",
    "pk": 61,
    "fields": {
      "student": 18,
      "subject": 2,
      "teacher": 3,
      "type_of_perfomance": "Промежуточная",
      "mark": "Н/А"
    }
  },
  {
    "model": "education.academicperformance",
    "pk": 62,
    "fields": {
      "student": 19,
      "subject": 2,
      "teacher": 3,
      "type_of_perfomance": "Промежуточная",
      "mark": "3"
    }
  },
  {
    "model": "education.academicperformance",
    "pk": 63,
    "fields": {
      "student": 20,
      "subject": 2,
      "teacher": 3,
      "type_of_perfomance": "Промежуточная",
      "mark": "Н/А"
    }
  },
  {
    "model": "education.academicperformance",
    "pk": 64,
    "fields": {
      "student": 21,
      "subject": 2,
      "teacher": 3,
      "type_of_perfomance": "Промежуточная",
      "mark": "4"
    }
  },
  {
    "model": "education.academicperformance",
    "pk": 65,
    "fields": {
      "student": 22,
      "subject": 2,
      "teacher": 3,
      "type_of_perfomance": "Промежуточная",
      "mark": "3"
    }
  },
  {
    "model": "education.academicperformance",
    "pk": 66,
    "fields": {
      "student": 23,
      "subject": 2,
      "teacher": 3,
      "type_of_perfomance": "Промежуточная",
      "mark": "2"
    }
  },
  {
    "model": "education.academicperformance",
    "pk": 67,
    "fields": {
      "student": 24,
      "subject": 2,
      "teacher": 3,
      "type_of_perfomance": "Промежуточная",
      "mark": "2"
    }
  },
  {
    "model": "education.academicperformance",
    "pk": 68,
    "fields": {
      "student": 25,
      "subject": 2,
      "teacher": 3,
      "type_of_perfomance": "Итоговая",
      "mark": "5"
    }
  },
  {
    "model": "education.academicperformance",
    "pk": 69,
    "fields": {
      "student": 26,
      "subject": 2,
      "teacher": 3,
      "type_of_perfomance": "Итоговая",
      "mark": "4"
    }
  },
  {
    "model": "education.academicperformance",
    "pk": 70,
    "fields": {
      "student": 27,
      "subject": 2,
      "teacher": 3,
      "type_of_perfomance": "Итоговая",
      "mark": "Н/А"
    }
  },
  {
    "model": "education.academicperformance",
    "pk": 71,
    "fields": {
      "student": 28,
      "subject": 2,
      "teacher": 3,
      "type_of_perfomance": "Итоговая",
      "mark": "3"
    }
  },
  {
    "model": "education.academicperformance",
    "pk": 72,
    "fields": {
      "student": 29,
      "subject": 2,
      "teacher": 3,
      "type_of_perfomance": "Итоговая",
      "mark": "5"
    }
  },
  {
    "model": "education.academicperformance",
    "pk": 73,
    "fields": {
      "student": 30,
      "subject": 2,
      "teacher": 3,
      "type_of_perfomance": "Итоговая",
      "mark": "4"
    }
  },
  {
    "model": "education.academicperformance",
    "pk": 74,
    "fields": {
      "student": 31,
      "subject": 2,
      "teacher": 3,
      "type_of_perfomance": "Промежуточная",
      "mark": "5"
    }
  },
  {
    "model": "education.academicperformance",
    "pk": 75,
    "fields": {
      "student": 32,
      "subject": 2,
      "teacher": 3,
      "type_of_perfomance": "Итоговая",
      "mark": "2"
    }
  },
  {
    "model": "education.academicperformance",
    "pk": 76,
    "fields": {
      "student": 1,
      "subject": 4,
      "teacher": 9,
      "type_of_perfomance": "Промежуточная",
      "mark": "Н/А"
    }
  },
  {
    "model": "education.academicperformance",
    "pk": 77,
    "fields": {
      "student": 2,
      "subject": 4,
      "teacher": 9,
      "type_of_perfomance": "Промежуточная",
      "mark": "Н/А"
    }
  },
  {
    "model": "education.academicperformance",
    "pk": 78,
    "fields": {
      "student": 3,
      "subject": 4,
      "teacher": 9,
      "type_of_perfomance": "Итоговая",
      "mark": "4"
    }
  },
  {
    "model": "education.academicperformance",
    "pk": 79,
    "fields": {
      "student": 4,
      "subject": 4,
      "teacher": 9,
      "type_of_perfomance": "Итоговая",
      "mark": "5"
    }
  },
  {
    "model": "education.academicperformance",
    "pk": 80,
    "fields": {
      "student": 5,
      "subject": 4,
      "teacher": 9,
      "type_of_perfomance": "Промежуточная",
      "mark": "4"
    }
  },
  {
    "model": "education.academicperformance",
    "pk": 81,
    "fields": {
      "student": 6,
      "subject": 4,
      "teacher": 9,
      "type_of_perfomance": "Промежуточная",
      "mark": "2"
    }
  },
  {
    "model": "education.academicperformance",
    "pk": 82,
    "fields": {
      "student": 7,
      "subject": 4,
      "teacher": 9,
      "type_of_perfomance": "Промежуточная",
      "mark": "Н/А"
    }
  },
  {
    "model": "education.academicperformance",
    "pk": 83,
    "fields": {
      "student": 8,
      "subject": 4,
      "teacher": 9,
      "type_of_perfomance": "Итоговая",
      "mark": "Н/А"
    }
  },
  {
    "model": "education.academicperformance",
    "pk": 84,
    "fields": {
      "student": 9,
      "subject": 4,
      "teacher": 9,
      "type_of_perfomance": "Итоговая",
      "mark": "4"
    }
  },
  {
    "model": "education.academicperformance",
    "pk": 85,
    "fields": {
      "student": 10,
      "subject": 4,
      "teacher": 9,
      "type_of_perfomance": "Итоговая",
      "mark": "Н/А"
    }
  },
  {
    "model": "education.academicperformance",
    "pk": 86,
    "fields": {
      "student": 11,
      "subject": 4,
      "teacher": 9,
      "type_of_perfomance": "Итоговая",
      "mark": "Н/А"
    }
  },
  {
    "model": "education.academicperformance",
    "pk": 87,
    "fields": {
      "student": 12,
      "subject": 4,
      "teacher": 9,
      "type_of_perfomance": "Итоговая",
      "mark": "3"
    }
  },
  {
    "model": "education.academicperformance",
    "pk": 88,
    "fields": {
      "student": 13,
      "subject": 4,
      "teacher": 9,
      "type_of_perfomance": "Итоговая",
      "mark": "3"
    }
  },
  {
    "model": "education.academicperformance",
    "pk": 89,
    "fields": {
      "student": 14,
      "subject": 4,
      "teacher": 9,
      "type_of_perfomance": "Итоговая",
      "mark": "Н/А"
    }
  },
  {
    "model": "education.academicperformance",
    "pk": 90,
    "fields": {
      "student": 15,
      "subject": 4,
      "teacher": 9,
      "type_of_perfomance": "Итоговая",
      "mark": "5"
    }
  },
  {
    "model": "education.academicperformance",
    "pk": 91,
    "fields": {
      "student": 16,
      "subject": 4,
      "teacher": 9,
      "type_of_perfomance": "Итоговая",
      "mark": "3"
    }
  },
  {
    "model": "education.academicperformance",
    "pk": 92,
    "fields": {
      "student": 17,
      "subject": 4,
      "teacher": 9,
      "type_of_perfomance": "Промежуточная",
      "mark": "Н/А"
    }
  },
  {
    "model": "education.academicperformance",
    "pk": 93,
    "fields": {
      "student": 18,
      "subject": 4,
      "teacher": 9,
      "type_of_perfomance": "Промежуточная",
      "mark": "Н/А"
    }
  },
  {
    "model": "education.academicperformance",
    "pk": 94,
    "fields": {
      "student": 19,
      "subject": 4,
      "teacher": 9,
      "type_of_perfomance": "Промежуточная",
      "mark": "2"
    }
  },
  {
    "model": "education.academicperformance",
    "pk": 95,
    "fields": {
      "student": 20,
      "subject": 4,
      "teacher": 9,
      "type_of_perfomance": "Промежуточная",
      "mark": "2"
    }
  },
  {
    "model": "education.academicperformance",
    "pk": 96,
    "fields": {
      "student": 21,
      "subject": 4,
      "teacher": 9,
      "type_of_perfomance": "Итоговая",
      "mark": "4"
    }
  },
  {
    "model": "education.academicperformance",
    "pk": 97,
    "fields": {
      "student": 22,
      "subject": 4,
      "teacher": 9,
      "type_of_perfomance": "Промежуточная",
      "mark": "2"
    }
  },
  {
    "model": "education.academicperformance",
    "pk": 98,
    "fields": {
      "student": 23,
      "subject": 4,
      "teacher": 9,
      "type_of_perfomance": "Итоговая",
      "mark": "Н/А"
    }
  },
  {
    "model": "education.academicperformance",
    "pk": 99,
    "fields": {
      "student": 24,
      "subject": 4,
      "teacher": 9,
      "type_of_perfomance": "Итоговая",
      "mark": "4"
    }
  },
  {
    "model": "education.academicperformance",
    "pk": 100,
    "fields": {
      "student": 25,
      "subject": 4,
      "teacher": 9,
      "type_of_perfomance": "Итоговая",
      "mark": "5"
    }
  },
  {
    "model": "education.academicperformance",
    "pk": 101,
    "fields": {
      "student": 26,
      "subject": 4,
      "teacher": 9,
      "type_of_perfomance": "Промежуточная",
      "mark": "3"
    }
  },
  {
    "model": "education.academicperformance",
    "pk": 102,
    "fields": {
      "student": 27,
      "subject": 4,
      "teacher": 9,
      "type_of_perfomance": "Итоговая",
      "mark": "Н/А"
    }
  },
  {
    "model": "education.academicperformance",
    "pk": 103,
    "fields": {
      "student": 28,
      "subject": 4,
      "teacher": 9,
      "type_of_perfomance": "Итоговая",
      "mark": "5"
    }
  },
  {
    "model": "education.academicperformance",
    "pk": 104,
    "fields": {
      "student": 29,
      "subject": 4,
      "teacher": 9,
      "type_of_perfomance": "Промежуточная",
      "mark": "4"
    }
  },
  {
    "model": "education.academicperformance",
    "pk": 105,
    "fields": {
      "student": 30,
      "subject": 4,
      "teacher": 9,
      "type_of_perfomance": "Итоговая",
      "mark": "Н/А"
    }
  },
  {
    "model": "education.academicperformance",
    "pk": 106,
    "fields": {
      "student": 31,
      "subject": 4,
      "teacher": 9,
      "type_of_perfomance": "Промежуточная",
      "mark": "5"
    }
  },
  {
    "model": "education.academicperformance",
    "pk": 107,
    "fields": {
      "student": 32,
      "subject": 4,
      "teacher": 9,
      "type_of_perfomance": "Промежуточная",
      "mark": "4"
    }
  },
  {
    "model": "services.userprofile",
    "pk": 1,
    "fields": {
      "user": 1,
      "avatar": "static/items/TOK_xlc79LM_wSkJHg6.jpg"
    }
  },
  {
    "model": "homeroom.classperiod",
    "pk": 2,
    "fields": {
      "topic": "Возвращение к очным занятиям!",
      "month": "Ноябрь"
    }
  },
  {
    "model": "homeroom.classperiod",
    "pk": 5,
    "fields": {
      "topic": "Коронавирус в колледже",
      "month": "Февраль"
    }
  },
  {
    "model": "homeroom.spentclassperiod",
    "pk": 1,
    "fields": {
      "class_period": 2,
      "content": "Lorem ipsum dolor sit amet, consectetur adipiscing elit, sed do eiusmod tempor incididunt ut labore et dolore magna aliqua. Ut enim ad minim veniam, quis nostrud exercitation ullamco laboris nisi ut a"
    }
  },
  {
    "model": "curator_work.report",
    "pk": 1,
    "fields": {
      "content": "Lorem ipsum dolor sit amet, consectetur adipiscing elit, sed do eiusmod tempor incididunt ut labore et dolore magna aliqua. Ut enim ad minim veniam, quis nostrud exercitation ullamco laboris nisi ut aliquip ex ea commodo consequat. Duis aute irure dolor in reprehenderit in voluptate velit esse cillum dolore eu fugiat nulla pariatur. Excepteur sint occaecat cupidatat non proident, sunt in culpa qui officia deserunt mollit anim id est laborum.",
      "start_at": "2021-11-21",
      "end_at": "2021-11-21"
    }
  },
  {
    "model": "curator_work.parentteachermeeting",
    "pk": 3,
    "fields": {
      "content": "Lorem ipsum dolor sit amet, consectetur adipiscing elit, sed do eiusmod tempor incididunt ut labore et dolore magna aliqua. Ut enim ad minim veniam, quis nostrud exercitation ullamco laboris nisi ut a",
      "date": "2021-11-21"
    }
  },
  {
    "model": "curator_work.educationalactivities",
    "pk": 4,
    "fields": {
      "activity": "Lorem dddd",
      "date": "2021-11-21",
      "note": "lorem ipsum"
    }
  },
  {
    "model": "curator_work.educationalactivities",
    "pk": 5,
    "fields": {
      "activity": "Воспитать в детях радость!",
      "date": "2021-11-22",
      "note": "Код полностью переписан!"
    }
  }
]